"xbin","ybin","spp1","spp2","spp3","spp4","spp5","spp6","spp7","spp8","spp9","spp10","spp11","spp12","spp13","spp14","spp15","spp16","spp17","spp18","spp19","spp20","spp21","spp22","spp23","spp24","spp25","spp26","spp27","spp28","spp29","spp30","spp31","spp32","spp33","spp34","spp35","spp36","spp37","spp38","spp39","spp40","spp41","spp42","spp43","spp44","spp45","spp46","spp47","spp48","spp49","spp50"
175,625,1,1,0,1,0,0,0,0,5,0,0,0,0,1,2,0,1,1,0,1,0,0,0,0,1,1,0,0,1,1,0,0,1,2,0,0,0,1,0,0,0,0,1,0,1,3,1,0,0,0
825,675,1,0,0,0,0,0,0,0,3,0,0,1,0,0,3,0,1,0,0,0,0,0,0,0,0,0,0,0,1,3,0,0,0,0,1,0,0,0,0,0,0,1,0,0,0,0,0,0,0,0
375,975,0,0,1,0,0,1,1,0,1,0,0,1,0,0,0,1,2,0,0,0,1,0,0,0,2,0,0,0,0,1,0,0,1,3,0,1,0,1,0,0,0,2,0,0,0,2,2,0,0,0
325,325,1,3,0,0,1,0,0,0,2,1,0,1,1,1,0,0,0,2,2,0,2,0,0,0,0,0,0,0,2,1,1,0,0,1,1,1,0,1,0,0,0,2,0,2,0,0,0,0,0,0
625,25,0,0,0,1,1,0,0,0,3,0,0,1,1,0,0,0,0,0,0,3,3,0,0,0,0,0,0,1,1,1,0,0,0,0,0,0,1,0,0,0,1,1,0,1,0,0,0,0,0,0
625,775,0,1,0,0,0,0,2,0,0,0,2,1,2,0,2,0,1,0,2,1,3,1,0,0,0,0,0,1,0,1,0,2,0,0,0,0,0,2,0,0,0,0,1,2,0,1,0,0,0,0
125,125,0,0,0,0,1,0,1,0,0,0,0,0,0,1,0,2,0,0,1,2,1,0,0,0,0,0,0,2,2,1,0,3,1,0,0,0,0,1,1,3,0,1,0,3,0,0,0,0,0,0
275,475,1,1,0,1,1,0,0,0,1,0,0,0,1,1,1,1,1,0,0,2,0,0,0,0,0,0,1,1,2,3,0,0,1,0,0,0,0,0,1,1,0,0,0,1,0,0,2,0,0,0
575,175,1,0,0,1,0,0,3,0,2,0,0,0,4,0,1,0,0,2,0,0,1,0,2,0,0,0,0,4,0,0,0,0,0,1,0,0,1,1,1,0,0,0,1,1,0,0,1,0,0,0
625,175,2,2,0,0,1,0,0,0,2,1,1,1,1,0,1,0,1,2,0,2,2,0,1,0,0,0,0,2,1,1,0,0,0,0,1,0,0,2,0,0,1,2,0,0,1,0,0,0,0,0
525,875,0,1,1,0,0,0,0,0,1,0,0,0,3,0,3,0,0,0,0,0,1,0,1,0,1,0,0,0,1,1,1,0,0,0,1,0,0,2,1,0,0,0,0,1,0,2,0,0,0,0
525,425,1,2,0,0,1,0,2,0,1,0,0,0,2,0,0,0,0,0,1,0,0,0,0,0,0,0,0,0,1,1,0,0,0,0,0,2,0,0,0,2,0,1,1,0,0,0,2,1,0,0
525,525,1,1,1,2,0,0,0,0,1,0,0,0,0,0,2,0,1,0,1,2,2,0,0,0,0,1,0,0,0,3,1,0,1,1,1,0,1,1,1,0,0,0,0,1,0,1,2,0,0,0
575,625,0,0,0,0,0,0,0,0,2,0,0,0,0,0,2,0,1,0,0,0,1,1,1,0,0,0,0,0,2,0,0,2,1,0,1,1,0,0,1,0,0,2,0,0,1,0,0,0,0,0
875,675,0,2,0,0,0,1,0,0,2,0,1,2,2,1,2,1,0,0,0,1,1,2,0,0,0,1,1,1,1,2,0,0,0,0,0,1,2,0,0,0,0,1,2,1,1,0,0,0,1,0
825,75,2,0,0,1,1,0,0,0,1,0,1,0,0,3,0,1,1,0,0,2,0,0,0,0,0,1,0,1,1,1,0,0,0,0,0,1,0,0,0,0,0,1,0,2,0,0,0,0,1,0
125,75,0,1,0,0,1,0,4,0,1,0,2,0,0,2,1,0,1,1,0,1,0,0,0,0,0,0,0,1,0,2,0,0,0,0,0,0,1,2,0,1,1,0,0,5,1,1,0,1,0,0
725,475,0,0,0,0,1,0,2,0,3,0,1,2,0,0,5,0,0,0,0,0,1,0,0,0,0,0,0,0,0,2,0,1,1,0,2,1,1,0,1,0,0,0,0,3,2,1,0,0,0,0
875,875,0,1,0,2,0,0,0,0,3,1,0,0,0,0,2,0,2,0,1,0,4,1,1,0,0,0,1,1,0,1,0,0,0,3,1,1,0,0,0,2,0,2,0,0,1,0,0,0,0,0
275,375,0,0,0,0,0,0,0,0,1,0,1,0,1,1,0,1,0,1,0,0,1,0,0,0,1,0,0,1,1,1,0,0,0,0,0,0,0,3,0,0,0,0,0,0,1,0,0,0,0,0
225,325,0,0,0,0,0,0,1,0,0,0,0,0,1,3,0,0,0,1,0,0,1,1,1,0,0,1,0,1,0,0,1,1,0,0,0,0,1,2,2,0,1,1,0,1,1,0,1,0,0,0
25,75,0,0,1,0,1,0,1,0,0,0,0,2,0,2,0,2,0,0,0,1,0,0,0,0,0,1,0,3,0,1,0,1,0,0,0,0,0,1,0,0,0,1,0,1,1,0,0,0,0,0
125,775,0,0,0,0,0,1,2,0,0,1,0,1,0,0,0,0,1,1,0,0,0,0,0,0,0,0,0,2,0,3,0,2,0,0,0,0,0,1,2,2,0,0,0,0,2,1,0,0,0,0
75,875,0,0,0,1,0,0,1,0,2,2,0,0,0,0,1,0,1,0,0,0,0,0,1,0,0,0,0,1,0,0,0,0,1,3,0,0,1,0,2,0,1,1,0,0,0,2,0,0,0,0
225,125,0,0,0,0,0,0,1,0,2,0,0,1,0,3,0,0,1,2,0,1,1,0,0,0,0,0,0,2,1,2,0,0,0,1,1,0,0,1,0,0,1,0,1,1,2,0,0,0,0,0
775,725,1,1,1,2,0,0,0,0,3,0,0,2,0,0,1,0,1,0,0,0,0,1,0,0,1,0,1,1,0,1,1,0,1,0,1,1,0,0,0,0,0,0,0,0,0,0,0,0,0,0
575,575,0,0,0,1,0,0,1,0,3,0,1,1,0,0,1,3,1,0,0,0,0,2,1,0,0,0,0,0,2,3,0,1,0,0,0,0,1,0,1,0,0,1,0,0,0,0,1,0,0,0
925,625,0,1,0,1,0,0,0,0,3,0,3,3,0,0,3,0,0,0,0,0,0,1,0,0,0,0,0,2,1,1,0,0,0,0,4,1,0,0,1,0,0,1,1,0,0,0,3,0,0,0
575,125,0,1,0,0,0,1,3,0,4,0,1,0,0,1,1,1,1,2,2,0,2,0,0,0,0,0,0,3,1,1,0,1,1,0,0,0,0,1,0,0,0,1,1,1,1,0,0,0,0,0
775,825,0,0,0,0,0,0,0,0,2,0,0,0,0,0,5,0,1,0,1,0,0,0,0,0,2,0,0,1,1,1,1,1,0,1,0,2,1,0,0,0,0,3,0,0,0,0,0,0,0,0
375,425,0,0,0,0,0,0,1,0,1,0,0,1,1,0,1,0,4,0,0,1,0,0,0,0,1,0,1,1,0,0,2,0,1,0,0,0,1,0,0,1,0,0,0,2,1,0,0,0,0,0
375,375,0,2,1,0,1,0,1,0,1,0,0,0,1,0,3,0,2,0,0,0,1,0,0,0,1,0,0,0,0,2,0,0,0,0,1,3,0,0,1,0,0,0,0,3,1,0,0,0,0,0
175,475,0,0,2,1,0,1,1,0,0,0,1,1,2,1,1,1,0,1,0,0,1,0,2,0,1,1,0,1,1,2,0,1,0,0,0,1,0,0,1,1,1,0,0,2,0,0,1,0,0,0
475,125,1,0,0,0,1,0,1,0,1,0,0,0,0,1,0,0,0,3,0,2,2,0,0,0,1,0,0,0,0,1,1,0,0,0,0,0,0,0,0,0,1,1,0,2,0,0,1,0,0,0
275,825,1,1,0,0,0,0,0,0,0,0,2,0,1,0,0,0,1,0,0,1,0,1,0,0,3,1,0,1,0,1,2,0,2,0,1,1,1,4,2,1,0,0,0,1,0,0,1,0,0,0
325,75,0,1,0,0,1,0,0,0,2,0,0,0,0,0,3,0,0,2,1,0,2,0,0,0,0,0,0,4,0,1,0,0,0,0,1,0,0,1,1,0,0,2,0,0,0,1,1,0,1,0
875,175,0,0,0,0,1,0,2,0,3,0,0,0,1,0,3,0,2,1,0,1,1,0,1,0,0,0,0,1,0,1,0,0,1,0,1,1,1,0,2,0,0,0,1,2,0,0,0,0,1,0
225,525,0,0,0,1,0,0,1,1,3,0,0,1,0,0,3,1,2,0,0,0,0,0,0,0,0,0,0,0,1,0,1,0,0,1,1,0,0,0,1,0,0,0,0,3,0,2,0,0,1,0
575,475,1,0,0,1,0,0,0,0,4,0,1,2,1,1,0,0,2,1,0,1,1,1,0,0,0,1,0,0,0,0,0,3,1,0,0,1,0,0,2,0,0,0,1,0,1,0,1,0,0,0
225,975,0,2,0,0,0,0,1,0,1,0,0,0,0,1,0,0,4,0,1,0,0,0,0,0,1,0,0,1,1,1,0,0,2,0,0,0,0,0,2,0,1,0,0,1,5,0,1,0,0,0
275,975,0,0,0,0,0,1,0,0,0,0,0,0,0,0,1,0,1,0,0,0,0,1,0,0,2,1,0,3,0,4,0,0,2,0,1,0,0,2,4,1,0,0,0,0,1,1,1,0,0,0
775,425,5,0,0,0,0,0,1,0,1,0,0,0,1,0,0,0,0,0,0,1,0,1,0,0,1,0,0,1,0,3,0,0,1,0,0,1,2,0,0,1,0,0,1,0,1,0,0,0,0,0
175,775,2,0,0,0,0,0,0,0,0,0,0,0,0,0,1,0,3,0,0,0,1,0,0,0,3,0,0,3,1,3,0,0,0,0,0,0,1,1,0,1,0,0,1,0,2,2,1,0,0,0
575,525,0,1,0,0,1,0,0,0,1,0,0,0,1,0,1,1,0,1,1,0,2,0,0,0,0,0,0,1,0,0,1,0,2,0,0,1,1,1,0,0,1,0,0,0,2,2,1,0,0,0
425,225,0,0,0,0,0,0,2,0,2,2,3,0,0,3,4,0,1,2,0,1,0,0,0,0,0,1,0,0,2,0,0,0,1,0,0,0,0,0,1,0,0,0,0,0,1,0,0,0,0,0
275,225,0,0,0,0,1,0,2,0,2,0,1,0,0,2,1,1,0,1,3,1,3,0,0,0,1,0,0,3,0,1,0,0,0,0,0,0,2,2,0,1,0,0,0,2,0,0,2,0,0,0
25,525,0,0,0,1,0,0,0,0,5,0,0,0,0,0,1,0,0,1,0,0,0,0,0,0,1,0,0,1,0,1,0,1,2,1,1,0,0,0,2,0,0,1,0,1,1,3,0,0,0,0
125,475,0,0,0,1,0,0,0,0,0,0,1,0,1,0,0,0,0,1,0,1,0,1,0,0,3,1,0,1,1,1,1,1,1,0,0,1,0,0,2,0,1,1,0,1,1,0,0,1,0,0
325,275,1,1,0,0,1,0,3,0,2,0,0,0,0,0,0,2,0,1,1,0,0,1,0,0,0,0,0,0,0,1,2,0,0,0,1,0,0,0,0,1,0,1,0,0,1,1,0,0,0,0
825,225,1,2,0,0,1,0,1,1,3,0,0,0,0,0,0,0,0,1,1,0,0,0,0,0,0,0,0,2,0,1,1,0,1,0,1,1,0,0,1,0,0,1,0,2,0,0,0,0,0,0
225,375,0,0,1,1,0,0,1,0,2,1,0,0,1,0,3,1,1,1,0,2,0,0,1,0,0,1,0,1,1,0,0,0,0,0,1,1,0,0,0,0,0,0,0,1,2,0,0,0,0,0
875,375,0,0,0,0,0,0,2,0,2,0,0,0,0,1,3,0,1,0,0,2,0,0,0,0,1,0,0,0,0,1,0,0,0,0,0,0,0,0,0,0,0,0,0,3,0,0,1,0,0,0
975,625,0,0,0,1,0,0,1,0,0,0,1,1,0,0,2,0,6,0,1,0,1,1,1,0,0,0,1,0,0,1,0,0,0,0,3,0,0,0,1,0,0,0,2,0,1,0,0,0,0,0
825,375,0,0,0,2,0,0,0,0,2,0,1,1,1,0,3,0,0,1,1,0,0,0,2,0,0,0,0,0,0,1,0,0,1,1,0,0,0,1,2,0,0,1,0,0,1,1,1,0,0,0
925,925,1,1,1,2,0,0,0,0,3,0,0,0,0,0,4,0,0,0,2,1,1,1,0,0,0,0,0,1,3,1,0,2,0,0,0,0,0,1,0,0,0,1,1,0,5,1,1,0,0,0
475,175,0,0,0,0,1,1,3,0,5,0,2,0,0,0,2,0,1,0,0,0,2,0,0,0,0,0,0,1,0,0,0,0,0,0,0,0,1,1,1,0,0,1,0,0,0,1,2,0,0,0
225,425,0,2,0,0,1,0,1,0,2,0,0,0,1,1,1,0,2,1,1,0,1,0,0,0,1,0,0,0,0,1,0,0,0,1,1,1,0,1,0,0,0,0,2,0,1,1,1,0,0,0
275,25,2,0,0,0,3,0,1,0,5,0,0,0,0,0,0,2,0,1,0,1,2,0,0,0,0,1,0,2,1,0,1,0,0,1,0,1,0,3,0,1,0,1,0,2,1,0,0,0,1,0
825,875,1,0,0,2,0,0,0,0,4,0,0,2,0,0,5,0,0,1,1,0,1,0,0,0,0,0,0,1,1,3,0,2,2,0,2,0,0,0,2,1,0,0,0,1,0,1,0,0,0,0
75,625,0,1,0,0,0,1,1,0,1,0,1,0,0,0,2,0,3,0,0,2,0,0,0,0,3,0,0,0,1,1,0,0,1,1,0,0,0,3,1,1,0,0,0,1,1,3,0,0,0,0
825,475,0,0,0,2,0,0,0,0,5,0,1,0,0,0,6,0,0,0,0,0,0,0,1,0,0,0,1,0,1,3,0,1,1,0,0,0,1,1,1,0,0,0,0,1,0,1,0,0,0,0
125,975,0,0,0,0,0,0,0,0,2,0,0,1,0,0,1,0,3,0,0,0,1,1,1,0,0,1,0,1,0,1,0,0,2,0,0,0,0,1,2,1,1,0,1,1,0,2,1,0,0,0
775,625,1,1,0,1,0,0,3,0,2,0,1,0,1,1,2,0,1,1,3,0,1,0,1,0,0,0,1,3,1,0,0,1,1,0,2,2,0,1,1,0,0,0,0,2,0,0,0,0,0,0
325,525,1,3,0,0,0,0,2,0,2,2,0,1,1,3,0,0,1,0,0,0,3,1,1,0,0,0,0,0,1,1,0,0,1,0,1,0,1,0,0,1,0,2,1,1,0,2,0,0,0,0
775,125,0,2,0,0,2,0,1,0,0,0,0,1,0,0,3,1,0,1,1,3,0,1,0,0,0,0,1,3,1,0,0,0,0,0,1,1,0,0,0,0,1,0,0,1,0,0,1,0,0,0
525,475,2,3,0,1,0,0,4,0,3,0,1,0,0,0,4,0,1,0,0,0,0,1,0,0,1,0,0,0,0,2,0,1,0,2,1,1,0,0,1,0,0,0,2,1,0,0,0,0,0,0
375,875,1,0,0,1,0,0,0,0,1,0,1,1,1,0,0,0,1,2,1,1,0,2,0,0,0,1,1,0,0,2,0,0,1,1,0,0,0,1,4,0,0,0,0,0,2,1,0,0,0,0
925,125,1,0,0,1,0,0,0,1,3,0,0,0,1,0,1,2,0,1,1,1,2,0,0,0,0,0,0,0,1,2,0,0,0,0,2,0,0,2,1,0,0,2,0,1,0,0,2,0,1,0
975,475,1,1,0,0,0,0,1,0,0,0,1,0,0,0,5,0,1,1,0,1,0,1,1,0,0,0,0,2,0,1,0,0,0,0,0,1,1,0,1,0,0,1,0,1,0,0,1,0,0,0
525,325,1,0,0,0,0,0,1,0,3,0,0,0,0,0,1,0,1,1,1,1,1,1,0,0,1,1,0,0,0,0,0,0,0,0,1,0,0,0,0,1,2,0,0,0,0,1,0,0,0,0
175,575,0,1,0,0,0,1,0,0,0,1,0,2,0,0,2,0,0,1,0,0,0,1,0,0,0,0,0,2,0,1,0,0,0,0,0,0,0,2,0,0,0,2,0,1,1,0,0,0,0,0
775,375,1,0,0,0,0,0,1,0,3,0,0,2,0,0,3,0,0,0,2,1,2,1,0,0,1,0,0,4,0,0,0,0,0,1,1,0,2,0,1,0,0,0,0,2,2,1,3,0,0,0
775,175,1,0,1,0,0,0,3,0,3,0,0,1,0,1,2,0,0,0,0,0,1,0,0,0,0,0,1,2,0,1,0,1,0,0,0,1,1,1,0,0,0,0,1,2,2,0,0,0,0,0
775,25,1,0,0,1,2,0,0,0,3,0,0,1,1,0,1,0,1,0,0,0,1,1,0,0,1,0,1,1,1,2,0,0,0,0,0,0,0,1,0,0,0,0,0,2,3,1,0,0,0,0
675,75,0,0,0,1,1,0,3,0,1,0,1,2,1,0,2,0,0,1,0,1,0,0,0,0,0,0,1,1,0,4,0,0,1,0,0,1,0,1,1,0,0,0,0,0,0,1,1,0,0,0
25,225,0,0,0,0,1,0,4,0,0,2,0,1,1,0,0,0,0,6,0,3,3,0,0,0,1,0,0,3,0,1,0,1,0,0,2,0,0,1,1,0,0,1,1,1,0,0,0,0,0,0
975,425,0,1,0,2,0,0,0,0,4,0,1,1,0,1,3,0,0,0,1,0,1,1,1,0,0,0,1,1,0,0,0,0,0,0,0,1,0,1,1,0,0,0,1,0,0,0,1,0,0,0
825,725,0,1,0,1,0,1,2,0,3,0,0,1,1,1,4,0,0,0,1,1,0,0,0,0,0,0,0,1,1,1,0,0,1,0,0,1,0,0,1,1,0,1,0,0,1,0,0,0,0,0
225,925,1,0,1,0,0,0,1,0,1,0,0,0,0,0,1,0,1,0,0,0,1,1,0,0,4,0,0,2,1,5,0,0,2,1,0,0,0,0,1,0,0,1,0,0,2,1,1,0,0,0
475,875,0,0,0,0,0,1,0,0,1,0,0,0,0,1,1,0,2,0,0,0,0,1,3,0,2,0,0,2,0,2,0,1,2,0,0,1,0,1,3,2,0,1,1,0,0,0,3,0,0,0
625,225,1,1,0,0,1,0,1,0,1,0,1,0,0,1,2,1,0,3,1,0,2,2,0,0,0,0,0,4,0,2,0,0,0,0,0,1,0,0,3,0,0,0,1,0,0,0,0,0,0,0
925,25,1,0,0,1,2,0,0,0,1,0,0,0,0,2,1,1,1,1,0,0,2,2,0,0,0,0,0,1,0,1,0,0,0,0,0,0,2,0,0,0,0,2,0,0,2,1,0,0,0,0
25,775,0,1,0,1,0,0,0,0,1,0,0,1,0,0,1,0,1,0,0,0,0,1,0,0,0,0,0,1,0,2,0,0,2,1,1,0,0,0,0,0,0,0,0,1,1,0,0,0,0,0
425,275,0,0,0,0,0,0,2,0,2,1,0,0,0,0,0,1,0,0,0,1,1,0,0,0,0,0,0,2,0,2,0,0,0,0,0,0,0,0,0,1,0,0,1,0,0,1,0,0,0,0
275,725,1,0,1,0,0,1,0,0,1,0,1,0,0,0,2,0,0,0,0,1,0,0,0,0,0,0,0,0,0,2,0,0,1,0,0,0,1,0,2,0,0,0,0,0,1,0,1,0,0,0
325,125,0,1,0,1,2,0,1,0,3,1,0,0,0,1,1,0,0,0,1,0,1,1,0,0,0,0,0,0,0,1,0,0,0,0,1,0,2,0,0,0,0,1,0,0,1,1,0,0,0,0
175,725,1,1,2,0,1,1,0,0,0,1,0,0,2,0,0,0,1,0,0,0,0,0,0,0,1,1,0,2,1,1,0,0,1,1,0,0,0,2,0,2,0,1,0,1,0,1,1,0,0,0
675,25,0,1,0,1,1,0,2,0,2,0,0,1,0,0,0,3,2,1,2,0,0,0,0,0,1,1,0,2,0,1,0,1,0,0,0,0,0,0,1,1,0,0,0,1,0,0,0,0,0,1
775,975,1,1,0,0,0,0,1,0,1,0,0,0,1,1,3,0,0,0,0,0,2,2,0,0,0,0,0,3,2,1,0,1,0,1,0,1,0,0,3,0,0,0,0,0,3,2,0,0,0,0
675,775,0,3,1,0,0,0,0,0,2,0,1,1,0,0,2,0,0,1,1,1,1,0,0,0,0,0,0,0,0,2,1,0,1,2,2,1,0,0,1,1,0,0,2,0,1,1,0,0,0,0
225,575,0,2,1,0,0,3,1,0,1,0,0,0,0,0,0,0,1,0,0,0,0,1,0,0,0,0,0,0,0,1,0,1,0,0,2,0,0,0,0,0,0,1,1,0,0,0,1,0,0,0
725,125,1,0,0,0,0,0,0,0,5,0,3,0,0,0,1,1,0,1,0,2,0,1,1,0,0,0,1,2,0,0,0,2,0,0,2,0,0,0,1,0,0,1,1,0,0,0,0,0,0,0
625,425,1,1,0,1,0,0,0,0,4,0,0,0,1,0,2,0,1,1,0,1,0,0,0,0,2,0,0,0,1,1,0,0,0,1,3,0,1,0,0,1,1,0,0,1,1,1,0,0,0,0
325,175,0,0,0,1,1,1,1,0,5,0,0,0,1,0,1,1,0,2,2,0,3,0,0,0,1,0,0,0,1,0,0,0,0,0,0,0,1,1,0,0,1,0,0,0,1,0,0,0,0,0
25,275,0,0,2,0,0,0,2,0,3,0,0,1,0,0,0,2,0,0,0,0,1,0,0,0,0,0,0,2,0,3,0,0,1,0,1,0,0,0,0,0,0,0,0,1,0,0,0,0,0,0
425,25,1,1,1,0,1,0,2,0,2,0,1,0,0,2,1,3,1,3,0,2,1,0,0,0,0,0,0,1,1,1,0,0,0,1,0,0,1,2,0,0,0,0,0,1,0,0,0,0,0,0
75,125,1,0,0,0,0,0,0,0,1,0,0,0,0,0,1,1,0,1,0,3,1,0,0,0,0,0,0,1,0,0,1,0,0,0,0,0,0,0,0,0,0,0,1,0,1,1,0,0,1,0
325,575,2,0,0,0,0,0,1,0,1,0,0,1,0,0,0,0,4,0,1,0,1,0,1,0,0,0,0,2,1,1,0,1,0,1,0,0,1,1,1,2,0,0,0,1,2,1,0,0,0,0
75,225,1,2,0,0,1,0,1,1,3,1,0,0,0,0,3,2,1,0,0,4,0,0,0,0,0,0,1,0,3,0,0,1,1,3,0,0,0,1,0,1,0,3,0,0,1,0,0,1,0,0
925,225,0,2,0,1,1,0,0,0,2,0,0,0,1,1,6,0,0,0,0,0,1,1,1,0,0,0,0,1,2,0,0,1,0,0,0,0,0,1,2,0,0,2,1,3,0,0,1,0,0,0
725,775,0,0,0,1,0,0,2,0,2,1,0,0,0,0,2,1,0,1,1,0,0,0,1,0,1,0,0,2,0,2,0,0,0,1,1,0,0,0,0,1,0,0,1,1,1,1,1,0,0,0
825,525,0,0,0,0,0,0,0,0,1,0,0,0,0,1,4,0,0,0,2,0,0,0,2,0,0,0,0,0,0,3,0,0,1,1,1,1,2,0,1,0,0,1,0,2,0,0,1,0,0,0
675,275,0,0,0,0,0,0,1,0,3,1,0,1,1,0,1,2,1,1,1,1,1,0,0,0,0,0,0,0,1,1,0,0,0,0,0,0,0,1,0,0,0,3,0,1,1,0,0,0,1,0
475,25,0,0,2,0,1,0,0,0,4,0,0,1,0,2,1,3,1,4,1,0,1,0,0,0,0,0,0,0,1,2,0,0,1,1,0,1,0,0,0,0,0,1,0,4,1,0,0,1,0,1
725,725,1,0,0,1,0,0,0,0,2,0,0,1,0,0,2,0,0,1,0,0,0,0,0,0,0,0,1,2,2,2,0,2,1,0,0,0,0,0,5,0,0,2,1,0,2,0,1,0,0,0
825,275,1,2,0,1,0,0,0,0,6,0,0,2,2,2,7,0,0,1,0,1,0,1,0,0,0,0,1,2,0,2,0,1,0,0,0,0,0,1,1,0,0,1,2,2,0,0,1,0,0,0
825,575,0,1,0,2,0,0,1,0,5,0,0,0,0,0,4,0,1,1,0,0,0,1,0,0,0,0,0,0,0,1,0,0,0,1,2,1,0,0,1,0,0,0,1,0,1,0,2,0,0,0
175,825,2,0,0,0,0,1,2,0,3,0,0,0,0,0,1,0,3,0,0,0,0,0,0,0,2,0,1,0,0,1,0,1,1,2,0,0,0,2,1,0,0,1,1,0,4,1,1,0,0,0
625,475,0,0,0,0,0,1,0,0,1,1,1,1,2,0,1,1,1,3,1,0,0,0,0,0,0,0,0,1,0,0,0,1,0,0,0,0,0,0,0,0,0,0,0,1,1,0,1,0,0,0
625,675,1,0,0,1,0,0,0,0,3,0,0,1,1,0,3,0,0,1,0,0,0,0,0,0,0,0,0,1,0,1,0,0,0,0,2,2,1,0,2,0,0,0,0,0,1,1,1,0,0,0
425,525,0,0,0,1,0,0,2,0,4,0,0,0,0,1,2,0,2,0,1,1,1,0,0,0,0,0,0,1,0,0,0,0,1,3,1,2,0,1,1,0,1,0,0,0,3,1,1,0,0,0
325,875,0,0,0,0,0,0,1,0,0,0,0,0,0,0,2,0,0,0,1,1,2,0,1,0,1,0,0,0,0,2,0,1,0,0,0,0,0,2,2,0,0,1,0,1,1,2,1,0,0,0
325,825,0,0,0,0,0,1,0,0,2,0,1,0,1,1,0,0,0,0,0,0,0,0,0,0,3,1,0,0,0,0,1,0,1,0,0,0,0,0,3,0,0,0,0,2,2,1,0,0,0,0
525,775,0,0,0,2,0,0,0,0,5,0,0,0,0,2,2,0,0,0,1,0,1,1,0,0,0,0,0,0,0,3,1,0,0,1,0,1,0,0,0,0,0,1,0,0,2,0,0,0,0,0
75,825,0,1,0,0,0,0,0,0,0,0,0,1,0,0,1,0,1,0,0,0,0,1,1,0,1,0,0,1,0,1,0,0,0,3,0,0,0,1,0,4,0,0,0,2,1,3,0,0,0,0
125,625,0,0,1,0,0,0,2,0,0,0,0,0,0,0,1,0,3,0,0,0,1,0,0,0,3,0,0,1,0,1,0,1,2,1,0,0,0,2,1,1,0,0,0,0,0,0,0,0,0,0
525,925,0,0,0,0,0,0,1,0,2,1,0,0,1,1,1,1,5,0,0,1,0,1,1,0,1,0,0,2,0,4,0,0,1,1,0,0,0,1,3,2,1,0,1,0,2,2,0,0,0,0
675,325,1,0,0,0,0,0,2,0,4,0,1,0,0,0,3,2,2,2,0,1,1,0,2,0,0,0,0,1,2,2,0,0,0,0,1,0,0,0,1,0,0,1,1,1,0,0,0,0,1,0
875,575,1,1,0,0,0,0,0,0,2,0,0,1,1,0,4,0,1,2,0,0,0,0,0,0,1,0,1,0,0,0,1,0,0,0,0,0,0,1,2,0,0,1,0,2,1,0,0,0,0,0
275,875,1,0,0,1,0,0,0,0,2,0,2,0,0,0,1,0,0,0,0,0,0,0,0,0,1,0,0,3,0,1,1,0,2,2,0,0,0,1,1,2,0,1,1,1,2,3,1,0,0,0
625,875,0,0,0,0,0,0,1,0,2,1,0,0,0,0,1,0,1,0,0,0,1,0,0,0,0,0,0,2,0,1,0,0,1,4,0,0,0,0,2,4,0,2,1,1,2,1,0,0,0,0
575,675,1,0,0,1,0,1,0,0,2,0,0,0,1,0,2,0,1,1,0,0,0,1,0,0,0,1,0,2,1,3,0,0,1,0,0,0,0,0,3,0,0,1,1,1,2,1,2,0,0,0
175,375,1,2,1,0,0,0,3,0,2,0,0,0,0,0,1,2,0,1,0,0,1,1,1,0,1,0,0,0,0,2,0,0,1,1,0,2,0,1,0,0,0,0,0,1,0,1,1,0,0,0
125,525,1,1,0,1,0,0,0,0,0,1,1,0,1,1,0,1,0,0,1,0,0,0,0,0,0,0,0,1,2,1,0,0,3,1,1,0,0,0,0,0,0,0,0,2,3,1,0,0,0,0
325,475,1,0,1,1,0,0,1,0,1,0,0,1,0,0,1,0,1,0,0,1,2,0,0,0,2,0,0,3,1,2,0,0,1,0,0,0,1,0,2,0,0,0,1,0,1,0,0,0,0,0
275,925,0,0,1,1,0,2,0,0,2,2,0,0,0,0,1,1,3,0,0,1,0,0,0,0,1,0,0,0,1,2,0,0,2,1,0,0,0,1,0,2,0,0,0,0,1,1,0,0,0,0
425,75,0,1,0,0,0,0,2,0,2,1,0,1,0,2,2,1,1,1,0,0,1,1,0,0,0,1,0,2,1,0,0,2,0,1,0,0,0,0,0,0,0,1,0,2,1,0,0,0,0,0
25,675,0,3,0,0,1,0,1,0,0,0,0,0,0,0,1,0,2,0,0,0,0,1,0,0,3,0,1,1,0,2,1,0,0,1,0,0,0,0,3,0,0,1,0,0,3,0,1,0,0,0
975,825,1,0,0,0,0,0,1,0,2,0,2,0,0,0,3,0,0,0,0,0,0,0,1,0,0,0,1,2,0,0,0,2,0,0,0,1,0,0,1,0,0,0,1,2,1,0,0,0,0,0
525,825,0,1,0,0,0,2,0,0,2,0,0,3,0,0,3,0,1,1,0,0,1,0,0,0,1,1,0,0,1,1,0,0,1,2,1,0,1,1,0,1,0,0,0,1,0,1,0,0,0,0
375,25,0,1,0,0,1,0,0,0,1,0,0,1,0,1,0,1,0,2,1,1,0,1,0,0,2,0,0,1,0,1,0,0,0,0,0,0,0,0,0,0,0,0,0,1,0,1,0,0,0,1
875,625,0,0,0,0,0,0,0,0,1,0,1,0,0,1,3,1,0,0,1,0,0,0,2,0,0,0,0,3,0,1,0,1,0,0,0,1,0,0,1,0,0,0,0,2,1,0,1,0,0,0
775,675,0,0,0,1,0,0,0,0,3,0,2,0,0,0,1,0,0,1,0,0,2,0,2,0,0,0,0,1,1,0,0,0,2,0,0,1,0,0,2,2,0,0,1,1,0,2,0,0,0,0
875,325,0,0,0,1,0,0,2,0,4,0,1,0,0,2,5,0,0,1,1,0,0,2,0,0,0,0,1,1,0,0,0,0,0,0,1,0,0,1,1,0,0,1,0,0,0,0,1,0,0,0
175,175,0,0,0,0,3,0,3,0,1,0,0,0,1,0,3,0,0,0,0,1,0,0,0,0,0,0,0,1,0,2,0,0,0,1,0,1,0,3,0,0,1,1,1,2,0,0,0,0,1,0
775,575,0,1,0,1,0,0,0,0,1,0,1,1,1,0,1,0,2,0,0,0,0,0,0,0,1,0,2,1,1,0,0,1,0,0,1,1,0,1,1,0,0,0,0,0,1,0,1,0,0,0
525,625,1,1,0,0,0,0,0,0,2,0,0,0,0,0,2,0,0,1,0,0,1,1,0,0,0,1,0,1,0,1,0,0,0,0,1,0,0,2,0,0,0,2,1,1,3,1,1,0,0,0
475,75,0,1,1,0,1,0,0,0,0,0,0,0,1,0,1,1,1,0,0,1,3,0,0,0,0,0,0,3,2,0,0,0,0,0,0,0,0,0,1,0,0,0,2,1,1,0,0,0,0,0
125,225,0,1,0,0,1,0,2,1,3,1,0,0,0,2,0,1,0,1,0,1,0,0,0,0,0,0,0,1,1,1,1,0,0,3,0,0,1,3,0,0,0,0,0,1,0,0,2,0,0,0
675,875,0,2,1,1,0,0,2,0,2,1,0,0,0,0,1,0,2,0,1,0,0,0,0,0,1,0,0,1,1,0,0,2,1,1,1,0,0,0,0,1,0,1,0,1,0,2,1,0,0,0
775,475,0,0,0,1,0,0,1,0,3,0,0,1,0,0,4,0,2,1,0,0,2,0,1,0,0,0,0,0,2,2,0,0,0,0,1,0,1,2,0,0,0,0,0,1,1,0,0,0,0,0
175,75,0,0,0,0,1,0,3,0,0,0,0,0,0,0,1,0,1,1,0,1,2,0,0,0,0,1,0,1,0,2,0,0,1,0,1,1,0,0,0,0,0,0,0,2,1,0,0,1,0,0
175,675,0,2,0,1,0,0,1,0,0,1,0,1,0,1,2,0,2,0,0,0,0,1,0,0,1,0,0,2,0,2,0,0,0,2,1,0,0,0,0,2,0,1,0,0,0,0,2,1,0,0
75,925,0,1,0,1,0,0,0,0,0,2,0,0,1,1,1,0,1,0,0,1,1,0,0,0,2,1,0,1,0,1,0,1,2,2,0,0,1,1,2,1,0,1,1,0,2,2,0,0,0,0
325,975,0,1,0,0,0,0,1,0,2,0,1,0,0,0,0,0,3,0,0,0,0,0,1,0,1,0,0,3,1,1,0,0,0,1,0,0,0,1,1,2,0,0,1,1,0,3,0,0,0,0
875,225,0,0,0,0,0,1,1,0,2,0,0,0,1,0,3,1,1,0,0,0,1,1,1,0,0,0,0,0,1,1,0,2,0,0,0,1,1,1,0,0,0,1,0,2,0,0,2,0,0,0
325,625,1,0,0,1,0,0,0,0,1,0,0,0,2,0,2,1,0,1,0,2,1,1,0,0,0,0,0,2,1,0,0,0,2,1,0,1,0,0,1,0,0,1,0,2,0,0,1,0,0,0
325,25,1,0,0,0,1,0,1,0,2,0,0,2,0,0,2,1,0,0,0,0,0,0,0,0,0,1,0,0,0,2,1,0,0,0,0,1,0,1,0,0,0,0,0,0,0,1,0,0,1,0
475,575,1,0,1,1,0,0,1,0,0,0,0,0,0,0,5,0,0,1,0,0,2,0,1,0,0,0,1,2,2,2,1,0,0,0,1,1,1,0,1,0,0,1,1,1,0,0,0,0,0,0
875,125,1,1,0,1,0,0,1,0,0,0,1,0,0,0,2,1,0,0,2,1,4,0,2,0,0,0,0,1,0,1,0,0,0,0,0,0,0,0,0,0,0,0,0,0,0,0,0,1,0,0
575,825,0,0,0,1,0,0,0,0,1,0,0,0,0,0,3,0,4,0,0,0,1,0,0,0,1,0,0,0,0,1,0,1,1,2,0,2,0,2,1,3,0,0,0,0,0,1,1,0,0,0
725,175,1,0,1,0,1,0,1,0,4,1,0,0,1,1,0,0,0,1,0,0,0,1,0,0,0,0,0,2,0,1,0,2,0,1,0,0,0,0,2,0,0,1,1,2,0,0,1,0,0,0
375,825,0,0,0,2,0,0,0,0,2,0,2,0,0,0,1,0,1,0,0,0,0,2,1,0,1,1,0,1,1,1,0,0,3,1,1,0,1,0,0,1,0,0,0,2,4,1,1,0,0,0
825,925,0,1,0,0,0,0,0,0,3,0,0,0,0,0,2,0,1,0,2,0,0,0,0,0,0,1,1,1,0,0,0,0,1,0,0,0,0,0,0,1,0,0,0,0,1,0,1,0,0,0
925,175,0,0,0,0,0,0,2,0,2,0,0,0,0,2,4,0,0,1,1,0,1,0,1,0,0,1,0,2,0,2,0,1,0,0,0,0,1,0,0,1,0,1,0,3,2,0,2,0,0,0
275,525,1,0,0,1,0,0,1,0,2,0,1,0,0,1,1,0,0,0,0,1,2,0,0,0,0,1,0,1,1,1,0,0,0,0,3,1,1,0,0,0,0,0,0,1,1,0,1,0,0,0
875,975,1,1,0,0,0,1,1,0,1,0,0,0,0,2,3,0,1,0,0,0,0,1,0,0,0,1,0,1,0,6,0,2,1,0,2,0,0,0,0,0,0,1,0,0,1,0,0,0,0,0
375,625,1,1,1,0,1,0,1,0,0,0,0,1,0,0,3,0,1,0,1,0,0,1,0,0,0,0,0,2,0,2,0,0,1,2,0,1,0,1,1,1,0,0,0,2,1,1,0,0,0,0
725,375,0,0,0,1,1,0,0,0,7,0,0,1,1,1,1,1,0,0,0,1,2,0,1,0,0,0,0,0,0,2,0,0,0,1,0,1,0,0,0,0,0,1,0,1,1,0,1,0,0,0
825,825,2,1,0,0,0,0,0,0,1,0,1,0,1,0,3,0,0,0,0,1,1,1,0,0,0,0,0,1,0,3,0,0,0,0,1,0,0,0,0,0,0,2,2,1,1,1,0,0,0,0
25,325,0,0,0,1,0,1,1,0,1,1,0,0,0,1,1,0,0,0,0,2,5,0,0,0,1,0,0,2,1,0,0,0,1,0,0,0,2,2,1,0,0,2,0,0,1,0,0,0,0,0
475,325,1,0,0,0,0,0,1,0,2,0,0,1,1,1,0,0,1,1,0,0,0,0,0,0,0,0,2,2,1,0,0,0,1,0,0,0,0,2,4,0,0,1,0,0,0,1,0,0,0,0
575,875,0,1,0,0,0,1,0,0,2,0,0,0,0,0,1,0,1,1,0,1,0,0,0,0,0,0,1,1,0,0,0,0,0,1,0,1,0,3,1,1,0,1,0,0,1,2,1,0,0,0
225,825,0,1,0,0,0,0,0,0,0,0,0,0,0,0,1,0,2,0,0,2,2,1,0,0,0,0,0,2,0,1,0,0,0,0,0,0,0,0,0,0,0,1,0,1,1,1,3,0,0,0
975,75,0,0,0,0,0,0,0,0,4,0,0,1,0,0,0,1,0,1,0,0,2,1,0,0,0,0,0,0,1,0,0,0,1,1,1,0,0,0,0,0,0,0,0,0,1,0,0,0,0,0
125,175,0,1,0,1,0,0,3,0,0,0,0,1,1,1,2,0,1,3,0,0,1,0,0,0,1,0,0,1,0,3,0,0,0,1,0,0,0,1,2,0,0,1,0,4,1,0,0,0,0,0
675,525,0,1,0,1,0,0,1,0,1,0,0,1,0,0,2,0,0,0,1,0,1,0,0,0,0,0,0,1,1,3,0,0,0,0,0,0,0,1,1,1,0,0,2,1,0,0,0,0,0,0
725,25,2,0,0,0,3,0,3,0,6,0,0,1,0,0,1,2,0,0,0,1,1,0,0,0,0,0,0,3,0,0,0,0,0,0,0,0,0,0,0,0,0,1,0,1,0,0,0,0,0,0
375,575,1,3,0,0,0,0,1,0,2,0,0,0,0,0,0,3,2,0,0,0,1,0,0,0,0,1,0,0,1,1,0,0,0,2,2,0,0,1,1,1,1,0,0,0,0,0,0,0,0,0
575,225,0,0,1,1,1,0,2,0,2,0,0,2,1,0,4,1,0,1,0,0,0,0,0,0,0,0,0,2,2,1,0,1,0,1,1,0,1,1,1,1,0,0,0,1,0,0,0,0,0,1
925,725,0,0,0,0,0,0,0,0,2,0,0,1,0,1,1,0,0,1,3,0,0,0,0,0,0,1,0,0,0,0,0,1,0,0,2,3,0,0,0,0,0,0,0,1,0,0,1,0,0,0
75,725,0,0,0,0,0,0,1,0,0,0,0,0,0,0,1,0,1,0,1,2,1,0,0,0,0,0,0,2,0,2,1,0,2,1,1,0,1,0,1,1,0,0,0,1,1,1,1,0,0,0
225,25,2,0,0,0,0,0,0,0,3,0,1,0,0,1,0,2,0,1,1,0,0,0,0,0,0,1,0,2,0,1,0,1,0,1,2,0,0,5,0,0,1,0,1,1,0,0,0,1,0,0
375,225,0,0,0,0,1,0,3,0,3,0,0,0,1,0,1,0,0,0,0,0,3,1,0,0,0,0,0,1,0,0,0,0,0,0,0,1,1,2,1,0,0,0,1,0,1,1,0,0,0,0
425,775,0,1,0,1,0,0,0,0,1,0,1,2,2,0,1,0,1,0,0,0,1,0,0,0,1,0,0,3,0,1,1,1,2,1,0,1,0,0,1,2,0,0,0,1,0,0,1,0,0,0
875,275,0,0,1,1,0,0,2,0,3,0,1,0,0,1,2,0,0,0,0,3,0,1,3,0,0,0,1,1,0,1,0,0,0,0,2,0,1,0,0,0,0,0,0,1,1,0,0,0,0,0
475,475,0,1,0,1,0,0,2,1,2,1,1,1,0,0,3,0,1,0,1,3,0,0,1,0,0,0,1,0,0,0,0,1,1,2,1,0,0,0,1,0,0,0,0,0,1,1,1,0,1,0
75,675,1,1,1,0,0,0,1,0,2,0,0,0,0,0,1,0,1,1,2,0,0,2,1,0,1,0,0,1,0,2,0,0,0,4,0,0,0,0,3,2,0,0,1,2,2,0,0,0,0,0
75,375,0,0,0,0,2,0,2,0,0,1,1,1,0,1,1,0,0,1,1,0,1,0,0,0,1,0,0,1,0,0,0,0,0,0,0,1,1,0,1,0,0,0,1,0,2,0,0,0,0,0
675,575,1,2,1,1,0,0,2,0,3,0,0,0,0,0,3,0,2,0,1,0,0,1,0,0,0,0,0,1,2,0,0,1,0,1,0,0,0,1,0,1,0,0,0,0,0,1,0,0,0,0
975,975,0,1,0,1,0,0,1,0,2,0,1,0,0,0,4,0,0,0,0,0,0,0,0,0,0,0,0,1,2,1,0,1,0,1,2,0,1,1,0,0,0,0,1,1,1,0,0,0,0,0
725,675,0,0,0,1,1,0,0,0,3,0,1,1,0,0,2,1,1,0,2,0,0,2,0,0,0,0,2,1,0,0,0,0,0,0,1,0,0,0,0,1,0,0,2,0,1,0,1,0,0,0
225,275,1,1,1,0,0,0,0,0,3,0,0,0,0,2,1,2,0,0,0,1,1,1,0,0,0,0,1,0,0,3,1,0,0,0,0,0,1,1,1,0,0,0,1,0,0,2,0,0,0,0
675,725,0,2,0,0,0,0,0,0,3,0,0,1,1,1,3,0,1,0,2,0,2,1,0,0,1,0,0,0,0,0,0,1,1,0,0,0,0,0,2,0,0,0,1,1,1,0,0,0,0,0
275,575,0,1,0,1,0,0,0,0,2,0,0,2,0,1,1,0,1,3,1,0,0,0,0,0,0,1,1,0,1,1,0,0,0,0,1,0,1,0,0,1,0,0,0,1,3,0,0,0,0,0
925,75,1,1,0,1,1,0,1,0,2,0,2,3,2,0,1,0,0,0,1,0,1,0,1,0,0,2,0,1,0,0,0,2,0,0,0,0,1,0,0,0,0,2,0,3,1,2,0,0,0,0
575,725,1,1,0,0,0,0,0,0,2,0,1,1,0,0,2,0,0,0,2,0,0,0,0,0,0,0,0,1,2,3,0,1,1,0,2,0,0,0,1,0,0,0,1,0,1,3,0,0,0,0
625,925,1,0,0,0,0,0,2,0,2,0,0,0,0,0,1,0,1,0,1,0,1,1,1,0,1,0,0,2,1,0,0,0,2,0,0,0,0,2,0,0,0,1,0,0,0,1,0,0,0,0
925,425,1,0,0,0,0,0,2,0,5,0,0,1,2,0,5,0,0,0,1,0,2,1,1,0,0,0,0,2,1,0,0,1,1,0,1,0,0,0,1,1,1,0,0,1,0,0,0,0,0,0
75,525,0,0,0,1,0,1,1,0,0,1,0,0,0,1,0,1,1,1,0,1,1,0,0,0,3,1,0,1,0,6,1,0,3,1,0,0,0,1,3,4,0,1,1,0,2,1,0,0,1,0
175,275,0,0,1,0,1,1,1,0,3,0,1,0,0,1,1,1,1,0,0,1,1,1,0,0,0,0,1,1,0,2,0,2,1,0,1,0,1,1,1,0,0,1,0,1,0,0,0,0,0,0
25,925,0,0,0,0,0,1,0,0,0,0,0,0,0,0,0,0,3,0,0,0,0,0,0,0,0,0,0,2,0,1,0,0,1,2,0,0,0,0,1,3,0,0,0,0,2,2,1,0,0,0
925,325,1,0,1,1,0,0,3,0,2,0,0,1,1,0,4,0,1,1,0,0,1,0,0,0,0,0,1,0,0,1,0,0,0,0,0,1,0,0,0,0,0,0,0,0,1,1,0,0,0,0
375,525,0,0,0,0,0,0,0,0,7,1,1,0,0,0,3,0,1,0,0,0,3,0,0,0,2,1,0,2,0,0,1,0,0,1,0,2,1,1,1,1,0,0,1,0,1,0,0,0,0,0
75,275,0,0,0,0,1,0,1,0,6,0,0,0,0,0,0,0,3,1,0,0,0,0,0,0,0,0,0,0,0,1,0,2,1,0,0,0,1,2,1,0,0,0,0,0,0,0,2,0,0,0
275,675,0,1,0,1,0,1,0,0,0,0,0,0,0,1,0,0,0,0,1,0,1,1,0,0,1,0,1,2,1,1,0,0,1,0,1,0,0,1,1,0,0,1,0,1,0,0,1,0,0,0
125,675,0,1,0,0,0,0,4,0,3,1,0,2,1,0,0,0,1,0,0,2,0,0,0,0,2,0,0,2,1,1,1,0,1,0,0,0,0,1,2,0,0,0,0,0,1,1,0,0,0,0
25,375,1,1,0,1,1,1,2,0,0,0,2,0,0,0,2,0,4,4,1,1,2,0,1,0,1,0,0,4,0,0,1,0,1,2,0,0,0,1,2,0,0,0,0,1,2,0,0,0,0,0
25,825,1,0,0,0,0,0,1,0,1,1,0,0,0,0,0,0,1,0,0,0,0,1,0,0,1,0,0,2,1,1,0,0,1,1,0,0,0,1,1,1,0,0,0,0,3,4,1,0,0,0
375,725,0,1,0,0,0,0,0,0,2,0,1,0,2,1,0,0,2,1,0,0,0,0,0,0,0,0,0,4,0,0,0,2,1,2,1,0,0,0,0,1,0,1,0,0,1,1,0,0,0,0
425,575,0,0,1,1,0,0,0,1,0,0,0,0,0,1,0,0,0,1,0,0,1,0,1,0,2,0,0,1,2,1,0,0,0,1,0,0,0,2,1,0,0,0,0,0,1,0,2,0,0,0
975,875,0,0,0,0,0,0,1,0,1,0,1,0,1,0,3,0,0,0,1,0,1,0,0,0,1,0,1,0,0,2,0,1,0,0,0,0,0,0,0,1,0,0,1,0,4,0,0,0,0,0
675,825,1,0,1,0,0,0,0,0,1,0,0,0,1,0,0,0,3,0,1,1,0,2,0,0,1,0,0,2,0,0,1,0,1,0,1,2,0,0,0,1,0,0,0,0,1,0,0,0,0,0
675,125,0,0,1,0,2,0,1,0,5,1,1,1,0,0,1,0,0,1,0,0,0,0,0,0,0,0,0,1,0,0,0,1,0,0,0,1,0,0,0,0,0,1,1,1,0,1,0,0,1,0
625,975,0,0,0,1,0,0,0,0,3,0,1,0,1,0,3,0,2,0,0,0,0,0,0,0,1,1,0,1,1,2,0,0,3,1,0,0,0,0,2,2,0,0,0,0,1,2,0,0,0,0
275,325,0,0,0,1,2,0,3,0,0,0,1,0,0,0,1,1,1,1,0,0,0,0,0,0,1,1,1,0,0,1,0,1,0,0,1,0,0,1,0,1,1,0,0,3,0,0,0,0,0,0
975,525,0,2,0,0,1,0,2,0,0,0,0,2,1,0,4,0,1,0,0,0,0,0,1,0,0,0,0,3,0,2,0,2,0,0,2,1,0,0,1,0,0,0,1,0,1,0,1,0,0,0
675,625,0,1,0,0,0,0,0,0,0,0,0,0,0,0,1,0,0,0,0,0,2,1,0,0,0,0,0,0,1,2,1,0,1,0,2,0,0,1,1,0,0,1,0,3,2,0,1,0,0,0
425,425,0,0,0,0,0,0,1,0,2,0,2,1,0,0,1,2,0,1,1,0,0,0,0,0,0,0,1,0,2,1,0,0,0,1,0,0,0,0,0,0,0,0,2,0,3,0,1,0,0,0
325,775,1,0,0,0,0,0,0,0,3,0,0,1,0,0,0,0,2,0,0,1,1,1,0,0,0,1,1,3,0,2,0,1,1,2,1,0,0,2,1,0,0,0,0,0,1,1,0,0,0,0
725,575,0,0,0,0,0,0,1,0,1,0,0,0,0,0,1,0,3,0,0,0,2,3,1,0,0,0,0,2,0,2,0,2,0,1,0,0,0,1,1,0,0,0,0,1,0,1,1,0,0,0
825,25,0,0,0,1,1,0,1,2,2,0,1,2,0,2,2,0,1,0,0,0,1,0,0,0,0,1,0,0,0,0,0,1,0,0,0,0,1,0,2,0,0,0,1,0,1,0,0,0,0,0
525,575,1,0,0,0,0,0,2,0,1,0,0,1,1,0,2,0,0,0,0,0,2,0,0,0,0,0,0,1,2,1,0,1,1,0,0,1,1,2,1,0,0,0,1,0,1,1,0,0,0,0
975,175,0,1,0,3,1,0,0,0,1,0,0,1,0,3,3,1,0,1,1,1,2,2,1,0,0,0,0,2,0,1,0,1,0,0,0,0,1,1,1,0,0,1,0,0,1,0,0,0,0,0
525,725,0,1,0,0,0,0,0,0,1,0,1,0,0,0,2,0,1,0,1,0,2,0,0,0,1,0,0,0,1,1,0,1,1,0,0,0,1,2,2,1,0,0,1,0,0,1,3,0,0,0
625,725,0,1,0,0,0,0,0,0,1,0,0,2,1,0,3,0,2,1,0,0,0,1,0,0,1,0,0,0,0,2,0,0,2,1,0,0,0,1,0,0,0,0,0,0,2,0,0,0,0,0
975,775,0,0,0,0,0,0,0,0,6,0,0,1,0,0,4,0,2,1,1,0,1,1,2,0,0,0,1,0,0,1,0,1,0,0,1,0,1,0,0,0,1,0,2,0,2,0,0,0,0,0
625,375,1,0,0,1,0,0,2,0,1,0,1,2,1,0,7,1,0,1,0,1,1,2,1,0,0,0,0,0,0,1,0,1,0,0,0,1,0,0,0,1,1,0,0,2,3,0,0,0,0,0
275,175,0,0,0,0,0,0,2,0,1,0,1,0,0,1,1,0,2,0,1,1,0,0,0,0,0,1,0,1,1,0,0,0,0,0,1,0,0,3,0,1,0,1,1,0,1,1,0,1,0,0
825,175,0,0,1,1,0,0,1,0,3,0,0,0,2,0,2,0,0,1,0,0,1,0,0,0,0,0,0,0,1,1,0,1,0,0,0,0,1,1,0,1,0,4,0,1,1,0,0,0,1,0
525,275,1,0,0,1,1,0,2,0,2,1,1,0,0,0,1,0,0,0,1,1,0,1,0,0,0,0,0,2,1,1,0,1,2,0,2,0,0,1,0,0,1,0,1,0,1,1,0,0,1,0
925,475,0,0,1,1,0,0,1,0,3,0,1,0,0,0,5,0,0,1,2,1,0,3,0,0,0,0,0,0,1,0,0,0,1,0,1,0,0,0,0,0,0,0,1,0,1,0,1,0,0,0
825,425,0,1,0,0,0,0,0,0,1,0,0,0,0,0,0,0,0,1,0,0,0,0,0,0,0,0,1,1,2,1,0,2,0,0,0,0,0,1,0,0,0,1,1,1,0,0,1,0,0,0
125,825,0,1,0,1,0,0,0,0,3,1,0,0,0,0,1,0,2,0,0,1,0,0,0,0,0,0,1,4,1,2,0,0,2,1,0,0,2,1,4,0,0,0,0,1,1,2,1,0,0,0
75,75,1,0,0,0,1,0,0,0,1,1,0,0,0,1,0,0,1,0,1,0,1,0,0,0,0,1,0,4,1,3,0,0,0,1,1,0,1,2,0,0,0,0,0,0,0,0,0,0,0,0
875,75,1,0,0,1,0,0,1,0,2,0,0,0,0,1,2,1,0,1,0,0,1,1,0,0,0,0,0,1,1,1,0,2,0,0,0,0,0,0,0,0,0,1,0,1,0,0,0,0,0,0
575,25,1,1,0,0,1,1,0,0,4,0,0,0,2,1,1,0,0,0,1,0,2,1,1,0,1,2,0,2,1,0,0,0,0,0,1,0,2,1,1,0,0,0,0,1,0,0,1,0,0,0
425,125,0,2,1,1,2,0,0,0,1,0,0,0,0,1,1,0,1,1,1,2,2,1,0,0,0,0,0,0,0,0,0,0,0,1,0,0,0,0,0,0,0,0,1,0,0,0,2,0,0,0
275,275,2,1,0,0,0,0,0,0,2,0,0,0,1,0,2,0,0,2,0,2,2,0,0,0,0,0,0,1,0,1,0,1,0,0,0,0,0,1,0,0,0,0,0,0,0,1,0,0,1,0
875,725,0,1,0,1,0,0,1,0,1,0,0,1,0,0,0,0,1,2,1,0,0,0,1,0,0,0,0,0,1,0,0,1,0,0,0,0,3,0,1,0,0,0,0,1,1,1,1,0,0,0
875,425,0,0,1,2,0,0,0,0,0,0,0,1,0,0,2,0,0,0,1,0,1,1,1,0,1,0,0,3,0,2,0,3,0,0,1,0,0,0,1,0,0,1,0,1,1,0,0,0,0,0
225,775,0,1,0,1,0,1,0,0,0,0,0,0,1,1,0,0,0,0,1,0,0,0,0,0,0,0,0,0,1,2,0,0,4,0,1,0,1,2,1,1,0,1,0,1,1,1,0,0,0,0
975,675,1,1,0,0,0,0,2,0,4,0,0,2,0,0,4,0,1,0,0,0,0,0,1,0,0,0,0,1,0,0,0,0,0,0,0,0,0,1,0,0,0,0,3,2,0,0,0,0,0,0
875,825,0,0,0,3,0,0,0,0,1,0,0,1,0,0,1,0,0,0,0,0,2,0,0,0,0,0,0,0,0,3,0,0,0,0,0,2,0,0,1,0,0,0,0,3,2,1,1,0,0,0
25,625,0,1,0,0,0,0,0,0,0,1,0,0,0,0,2,0,1,0,0,0,0,0,1,0,2,1,1,1,0,2,0,0,1,1,0,0,0,0,1,2,0,1,2,2,1,0,0,0,0,0
375,675,0,0,1,0,0,0,0,0,1,0,0,0,0,0,2,1,0,0,0,0,0,0,0,0,0,0,0,2,1,1,0,0,0,1,0,1,0,1,1,2,0,0,0,1,2,2,0,0,0,0
125,575,1,1,0,0,0,0,1,0,0,0,0,0,1,1,1,2,3,0,0,0,0,0,0,0,1,1,0,3,0,1,0,1,1,2,0,1,0,1,0,0,2,0,0,0,3,1,2,0,0,0
975,925,0,2,0,1,0,1,0,0,1,0,0,0,0,0,3,0,2,1,0,0,0,1,0,0,0,0,0,3,0,1,0,2,0,0,0,1,0,0,1,0,0,2,1,1,0,0,1,0,0,0
125,425,0,2,0,0,0,1,1,0,2,1,0,0,0,0,2,1,0,0,0,2,4,2,0,0,0,0,0,0,2,0,0,0,2,1,0,0,0,3,1,1,0,0,0,0,0,0,0,0,0,0
125,375,0,0,2,0,0,0,0,0,0,0,0,0,2,0,0,1,0,0,0,0,0,0,1,0,0,2,0,3,0,0,0,0,1,0,0,0,1,0,0,2,0,0,1,0,2,0,1,0,0,0
575,925,1,1,0,0,0,0,2,0,4,0,1,0,1,0,1,0,1,0,0,0,0,1,0,0,1,0,0,0,0,1,0,0,2,0,0,0,0,1,1,1,0,1,0,1,2,1,0,0,0,0
75,25,0,0,0,0,0,0,0,0,4,0,1,0,0,1,1,1,0,1,0,1,2,0,0,0,0,0,0,1,0,2,0,1,2,0,0,0,0,3,0,1,2,0,0,0,0,0,0,0,1,1
325,425,0,0,0,0,0,0,0,0,1,0,1,1,0,0,3,0,0,1,1,0,2,0,0,0,1,0,0,0,0,1,2,1,2,0,0,0,0,2,1,0,0,1,0,1,1,0,0,0,0,0
725,225,0,1,0,1,0,0,2,0,3,0,0,0,0,0,0,2,1,0,2,0,0,1,0,0,0,0,0,0,2,0,0,0,0,0,0,0,0,0,0,0,0,0,0,0,1,0,1,0,0,0
725,625,1,0,0,0,0,0,1,0,1,0,0,0,0,0,2,0,1,0,0,0,1,0,1,0,1,0,0,0,1,1,0,0,0,1,0,1,0,1,2,1,0,0,0,0,0,1,0,0,0,0
425,675,0,0,0,0,0,0,0,0,3,0,0,0,0,1,2,0,4,0,0,1,1,0,1,0,0,0,0,1,1,2,0,0,0,0,0,0,0,0,1,1,0,1,1,0,0,0,1,0,0,0
975,325,0,1,0,0,1,0,2,0,5,0,0,1,0,0,2,0,1,0,1,0,2,2,0,0,0,0,1,4,1,0,0,2,1,0,1,1,0,1,3,0,0,1,1,0,1,0,0,0,0,0
325,375,1,1,0,0,0,0,1,0,4,0,2,0,0,0,1,0,0,0,0,0,0,1,0,0,0,1,0,1,0,3,0,2,0,1,0,0,0,1,1,0,0,1,0,0,1,2,1,1,0,0
525,225,1,0,0,1,0,0,0,0,1,0,1,1,1,0,3,2,1,0,1,0,1,0,0,0,0,0,0,1,1,0,0,1,0,1,0,0,0,3,0,0,1,1,0,2,0,0,0,0,0,0
425,875,1,0,0,0,0,1,2,0,0,0,0,0,1,0,1,0,1,0,0,1,0,0,1,0,1,0,0,3,0,0,0,0,1,0,2,1,0,0,0,0,0,1,0,0,2,0,0,0,0,0
75,425,1,1,2,0,0,0,1,0,1,0,0,0,0,2,1,0,1,1,1,0,0,0,0,0,1,0,0,0,0,4,0,1,3,0,0,0,1,2,1,0,0,1,0,2,1,0,0,0,0,0
625,125,0,0,0,0,0,0,1,0,1,0,0,2,0,2,0,0,0,0,1,2,2,1,0,0,0,0,1,0,2,1,0,1,0,0,3,0,0,0,1,0,1,0,0,1,0,1,1,0,1,0
525,75,2,1,0,0,3,0,0,0,0,0,0,0,0,3,2,1,1,1,1,1,1,0,0,0,0,0,0,1,0,2,0,0,1,0,1,0,0,1,0,0,0,1,0,2,1,0,0,0,0,0
275,625,0,0,0,1,0,0,1,0,1,0,1,1,0,0,1,0,1,0,1,0,0,1,0,0,1,0,0,1,0,0,0,0,2,2,0,0,0,3,3,0,0,2,0,2,3,1,2,0,0,0
575,375,0,0,0,0,1,0,3,0,3,0,0,0,1,0,1,2,0,0,0,0,0,0,1,0,0,2,0,0,0,0,0,0,0,0,2,0,0,0,2,0,0,0,0,0,2,1,0,0,1,0
775,525,0,2,0,0,0,0,0,0,2,0,0,0,1,1,1,0,0,1,0,0,0,1,1,0,0,0,0,3,1,0,0,0,0,0,1,1,0,0,3,0,0,0,0,0,0,0,1,0,0,0
825,625,0,0,0,0,0,0,0,0,2,0,0,0,0,0,3,0,0,1,0,0,0,0,0,0,0,1,0,2,0,1,0,0,0,0,1,1,0,1,0,0,1,0,1,1,0,0,0,0,0,0
525,125,0,2,0,1,0,0,0,0,3,0,0,1,0,1,1,0,0,1,0,1,0,0,1,0,1,0,0,1,1,1,1,0,0,0,0,0,0,0,1,0,0,1,1,3,0,0,0,0,1,0
775,775,1,1,0,1,0,0,0,0,2,0,0,1,0,0,1,0,0,0,2,0,1,0,0,0,0,0,0,0,0,0,0,1,0,1,2,1,0,0,2,2,0,0,0,1,1,0,0,0,0,0
575,325,1,0,0,0,1,0,1,0,1,0,0,1,0,1,5,0,1,1,0,0,1,2,1,0,0,0,0,0,0,2,0,1,0,1,0,0,1,0,3,2,0,0,0,0,0,0,0,0,0,0
275,125,1,0,0,0,1,0,0,0,1,0,0,0,0,1,2,2,1,2,0,1,2,0,0,0,2,1,1,3,0,3,0,0,0,0,0,0,0,3,0,0,2,0,0,1,0,0,0,0,0,0
625,525,0,0,2,1,0,0,0,0,2,0,1,0,0,0,2,0,0,1,0,0,2,0,0,0,1,0,0,1,0,1,0,0,0,0,1,0,0,0,1,1,0,1,1,3,0,0,0,0,0,0
925,375,0,0,1,0,1,0,1,0,0,0,0,1,1,1,3,0,1,1,0,0,1,1,0,0,0,0,1,2,2,3,0,0,0,0,0,2,0,0,1,0,0,1,1,0,1,0,1,0,0,0
675,475,0,1,0,2,2,0,1,0,2,0,0,0,0,0,3,0,1,1,0,0,2,0,0,0,0,0,0,2,0,0,0,1,0,0,1,1,1,0,0,1,0,0,1,1,1,1,1,0,0,0
675,225,0,1,0,1,2,0,0,0,3,0,1,0,1,1,1,0,1,1,0,1,0,0,0,0,1,1,0,2,1,1,0,2,0,0,2,1,0,0,0,0,0,2,0,1,0,0,0,0,0,0
725,975,0,0,0,1,0,1,1,0,1,0,1,0,0,1,2,0,0,0,0,0,0,0,2,0,1,0,0,1,0,0,0,0,0,0,1,1,0,0,3,0,0,3,0,0,1,0,0,0,0,0
225,175,0,1,0,0,0,0,1,0,3,0,0,2,0,1,0,0,0,2,0,4,1,0,0,0,3,0,0,0,0,2,0,1,0,0,1,0,0,0,0,1,0,0,0,2,3,1,0,1,0,0
975,25,1,0,0,0,0,0,0,0,4,0,0,2,0,0,2,2,1,0,1,0,2,0,0,0,1,0,0,0,0,1,0,0,0,0,0,1,0,0,0,0,1,2,2,2,2,1,2,0,0,0
475,225,1,0,0,1,1,0,0,0,2,0,1,0,0,0,0,0,0,0,0,0,0,0,1,0,0,0,0,0,1,1,1,0,0,0,2,0,0,2,2,0,1,0,0,1,0,0,2,0,0,0
875,775,1,0,1,2,1,0,0,0,2,2,0,1,0,0,2,0,0,0,0,0,1,1,1,0,0,0,0,1,0,1,1,0,0,1,1,1,1,1,0,0,0,0,2,2,0,0,2,0,0,0
375,275,0,0,0,0,0,0,1,0,0,1,0,0,0,1,0,1,0,1,1,0,0,0,2,0,1,0,0,1,0,1,0,0,1,0,0,0,0,0,0,0,1,1,1,0,0,0,0,0,0,0
675,425,0,1,0,0,0,0,1,1,4,0,0,1,1,0,2,0,2,2,0,0,1,0,1,0,1,0,0,1,1,0,0,1,0,0,1,0,1,0,1,1,0,0,0,2,2,2,0,0,0,0
25,875,0,0,1,0,0,0,0,1,1,1,0,0,0,0,0,1,3,0,0,1,0,0,0,0,1,1,0,0,1,1,0,0,3,0,1,0,0,1,0,1,0,0,0,0,2,2,0,0,0,0
425,475,0,0,0,0,0,0,1,0,1,0,0,0,1,2,1,0,1,0,2,1,0,1,0,0,1,0,0,2,0,1,0,0,1,0,0,0,0,0,0,0,0,1,0,2,1,1,0,0,0,0
175,25,0,0,0,2,1,0,1,0,0,0,0,0,0,4,0,1,0,0,0,0,1,0,0,0,1,0,0,2,1,1,0,0,0,1,2,0,1,1,0,1,1,0,0,1,0,1,0,0,0,0
75,175,1,0,0,1,1,0,3,0,1,0,0,1,1,1,0,2,0,1,0,0,1,0,0,0,0,0,0,2,0,0,0,0,0,0,2,0,0,1,0,2,0,0,0,1,1,0,0,1,0,0
375,75,0,0,0,0,0,0,2,0,1,0,0,0,1,2,0,2,0,1,0,0,3,0,0,0,0,0,0,0,0,1,0,1,1,1,0,0,0,0,0,0,0,0,0,0,0,1,0,0,0,0
925,575,2,0,1,0,0,0,1,0,2,0,2,0,0,0,1,0,1,0,2,0,0,1,0,0,0,0,1,3,1,1,0,0,0,0,0,1,0,1,2,0,0,0,0,0,0,0,0,0,0,0
625,325,1,1,0,1,1,0,0,0,3,0,0,1,1,0,0,1,2,1,1,1,1,0,1,0,0,0,0,3,0,3,0,2,0,0,0,0,0,1,2,0,0,0,0,0,1,0,0,0,0,0
825,125,0,0,0,0,0,0,2,0,2,0,2,2,0,0,2,0,0,1,0,1,1,2,0,0,0,0,0,3,0,0,0,1,0,0,0,0,1,0,0,0,0,2,2,1,0,0,0,0,1,0
475,525,1,0,1,2,0,0,0,0,2,0,0,0,0,0,1,1,1,1,0,0,1,0,1,0,1,0,1,1,0,1,0,1,1,0,1,1,0,1,0,0,1,1,0,1,3,1,0,0,1,0
975,125,0,1,0,1,1,0,0,0,1,0,1,0,0,1,4,2,0,0,0,1,1,0,0,0,0,0,0,0,1,2,0,0,1,0,1,0,0,0,1,0,0,0,0,2,1,0,0,0,0,0
725,525,2,1,2,1,0,0,2,0,3,0,0,1,0,0,4,0,2,1,1,0,0,0,1,0,1,0,0,0,0,0,0,0,0,1,0,0,1,1,0,0,0,0,1,1,0,1,0,0,0,0
275,75,0,2,0,0,0,0,1,0,1,0,2,0,1,0,0,1,1,0,1,0,6,0,0,0,0,0,0,0,0,2,0,0,1,0,0,0,0,3,0,0,0,1,0,1,0,0,0,0,0,0
225,625,0,1,0,1,1,0,2,0,1,0,0,0,1,1,0,0,2,1,0,1,0,1,0,0,1,0,0,2,1,0,0,0,1,3,1,1,1,1,0,1,0,1,0,0,1,0,1,0,0,0
725,825,0,2,0,1,0,1,0,0,3,0,0,1,2,0,2,0,2,0,0,0,0,0,1,0,2,0,0,1,0,0,0,0,1,0,0,1,0,1,1,0,0,0,0,0,2,0,1,0,0,0
25,25,1,1,1,0,0,0,2,0,1,0,0,0,0,0,1,1,0,0,0,2,3,0,1,0,0,0,0,1,0,5,0,0,1,0,3,0,0,1,1,0,1,1,0,2,1,2,0,0,1,0
25,575,0,0,0,0,0,0,1,0,5,0,0,1,0,0,0,1,2,0,0,0,0,3,0,0,4,0,0,2,2,2,0,0,1,1,0,1,2,2,3,2,0,0,0,1,1,1,0,0,1,1
575,775,0,2,0,2,0,1,2,0,2,0,0,0,0,0,1,0,2,0,1,1,0,2,1,0,0,0,0,2,2,2,0,0,1,1,2,0,0,0,0,0,0,0,0,0,0,2,0,0,0,0
325,925,0,0,0,1,0,0,0,0,0,0,0,0,0,2,1,0,1,1,0,1,0,0,0,0,0,0,0,3,1,1,1,0,2,1,0,0,1,3,1,2,0,0,0,0,1,1,0,0,0,0
425,175,0,1,1,0,2,0,0,0,1,0,1,0,0,0,2,1,0,2,0,0,1,0,2,0,1,0,0,0,0,2,0,0,0,0,0,0,0,3,1,0,0,0,1,0,1,0,0,0,0,0
825,975,0,0,0,0,0,1,2,0,1,0,1,0,0,0,0,0,1,0,1,0,1,0,0,0,1,0,0,1,0,2,0,2,1,1,0,1,1,1,4,0,0,1,2,0,0,1,0,0,0,0
175,325,0,0,0,0,1,0,2,0,2,0,0,1,0,3,0,0,3,0,0,3,3,0,0,0,1,0,0,2,0,1,1,0,2,1,0,1,0,2,1,0,0,1,0,0,0,0,0,0,1,0
825,325,2,0,0,0,0,0,0,0,2,0,1,0,1,1,6,0,0,0,0,0,1,0,1,0,1,0,1,2,1,1,0,1,0,0,1,0,0,0,2,0,0,0,0,0,0,0,1,0,0,0
375,925,0,0,0,0,0,0,2,0,2,0,1,0,1,0,2,0,1,0,0,0,1,0,1,0,3,0,0,0,2,0,0,0,0,0,0,0,0,0,1,1,0,1,0,1,2,4,0,0,0,0
125,25,1,2,0,0,2,0,5,0,4,0,0,0,1,3,0,5,0,0,0,1,1,1,0,0,1,0,0,1,0,2,1,0,0,0,1,0,0,0,0,0,0,0,0,2,1,0,0,1,2,0
725,925,2,1,0,1,0,0,1,0,0,1,0,1,0,0,3,0,1,0,0,1,0,1,1,0,1,0,1,1,0,0,1,0,1,0,2,0,0,0,1,1,0,0,0,1,1,1,1,0,0,0
475,625,1,0,0,2,0,0,0,0,4,0,0,0,1,0,1,0,1,0,0,0,0,1,0,0,0,1,0,3,0,3,1,0,2,0,0,1,0,4,0,1,0,0,0,1,2,0,0,0,0,0
875,25,1,1,0,2,0,0,0,0,6,0,1,0,1,0,0,0,1,1,1,0,2,0,0,0,0,1,0,1,0,0,0,3,0,0,1,1,0,0,0,0,0,0,1,0,0,0,1,0,0,0
475,675,0,0,0,1,0,0,1,0,2,0,0,0,0,0,2,0,1,0,0,0,0,1,1,0,0,0,0,1,0,1,0,1,0,0,1,1,0,0,0,1,0,0,0,0,2,1,0,0,0,0
375,125,2,0,0,1,0,0,0,0,2,0,1,0,0,0,3,0,1,0,0,1,2,2,0,0,0,1,0,0,0,0,0,0,0,0,0,0,0,1,0,1,0,0,0,0,1,0,0,0,0,0
975,225,0,3,0,0,0,0,1,0,3,0,0,0,1,0,3,0,0,0,0,1,1,0,1,0,0,1,0,1,0,0,0,1,0,0,0,0,0,0,1,0,0,0,0,1,0,0,1,1,0,0
625,575,1,0,0,2,0,0,2,0,2,0,0,1,0,0,4,0,0,0,0,0,0,1,0,0,0,0,0,0,1,2,0,0,0,1,1,2,1,0,0,0,0,1,0,1,0,1,0,0,0,0
775,925,1,1,0,0,0,0,0,0,2,0,0,0,0,0,0,0,2,2,1,1,2,0,0,0,0,0,0,2,0,0,0,0,0,0,1,1,0,0,2,0,0,0,0,0,1,0,0,0,0,0
125,875,0,0,1,0,0,1,1,0,0,0,0,0,0,0,0,0,1,0,0,0,1,1,0,0,0,0,0,0,0,1,0,1,5,3,0,0,0,2,2,0,0,1,0,0,1,2,0,0,0,0
325,725,1,0,0,1,0,0,0,0,3,1,0,1,0,2,2,0,2,0,1,1,0,2,0,0,0,0,0,2,0,0,0,0,1,0,1,0,0,0,2,3,0,0,0,1,0,1,0,0,0,0
25,475,1,1,0,0,0,0,2,0,0,0,1,0,0,0,1,1,0,0,0,1,1,0,0,0,2,0,0,1,0,0,0,0,0,3,1,0,0,1,1,2,0,1,0,1,1,0,0,0,0,0
575,975,2,2,0,0,0,1,1,0,2,0,0,2,0,1,3,0,0,1,0,1,0,0,1,0,1,0,0,0,0,2,0,0,1,2,0,0,1,1,1,1,0,0,0,0,0,3,0,0,0,0
875,525,0,1,0,1,0,0,0,0,0,0,1,1,0,0,3,0,0,0,2,0,1,0,0,0,0,0,0,2,0,1,0,0,0,0,1,1,0,0,0,0,0,0,2,0,2,1,2,0,0,0
175,425,0,1,0,3,0,0,2,0,1,0,1,1,1,0,0,0,2,3,0,1,0,0,0,0,1,0,1,2,0,3,0,0,0,0,0,0,0,0,1,0,0,0,0,2,1,1,0,0,0,0
725,875,1,0,2,1,0,1,0,0,0,0,0,0,2,0,1,0,0,1,0,1,0,2,0,0,0,0,0,0,1,2,0,0,0,2,1,1,0,0,1,0,0,0,0,1,0,1,0,0,0,0
775,225,1,0,0,1,2,0,3,0,2,0,0,1,0,2,0,0,0,0,3,1,1,0,1,0,0,0,0,0,0,1,1,0,1,0,1,0,0,0,1,0,0,1,0,1,1,0,1,0,1,0
25,425,0,0,0,0,1,1,3,0,0,0,0,0,0,1,1,1,1,1,0,1,0,0,1,0,2,0,0,0,0,2,0,0,0,1,1,0,2,1,0,0,1,0,1,2,0,2,0,1,0,0
225,75,0,1,1,1,2,0,1,0,2,1,0,0,0,2,0,3,0,1,1,1,0,0,0,0,0,0,0,3,0,0,1,0,1,0,0,0,0,0,0,0,0,0,0,0,0,0,0,0,0,0
475,375,1,2,0,0,0,0,1,0,5,2,1,2,0,0,2,2,0,1,0,0,0,1,0,0,0,0,1,0,0,0,0,0,0,0,1,1,2,2,0,0,0,0,0,1,0,0,0,0,0,0
175,975,0,2,0,0,0,0,0,0,1,0,1,0,0,0,1,0,1,0,0,1,1,0,0,0,0,0,1,2,0,4,1,1,2,2,1,0,0,2,0,1,0,0,0,0,3,0,1,0,0,0
125,725,0,1,1,0,0,0,0,0,2,0,0,1,0,0,0,0,1,1,0,0,0,1,0,0,0,0,0,2,0,1,0,0,3,1,0,1,1,1,0,0,0,0,0,1,2,2,2,0,0,0
975,725,1,1,0,1,0,0,0,0,4,0,1,0,1,0,0,0,1,0,0,0,1,0,0,0,0,0,1,0,1,3,0,0,0,1,0,0,2,1,1,0,0,1,3,1,1,0,0,0,0,0
175,125,0,1,0,0,4,0,1,0,1,0,2,1,3,1,2,2,0,0,0,0,0,0,0,0,0,0,0,1,0,1,0,0,1,0,1,0,0,1,1,1,0,0,0,3,0,0,1,0,0,0
575,75,0,0,0,0,3,0,1,0,1,0,1,0,1,1,1,1,0,1,0,1,0,0,0,0,0,0,0,3,0,3,0,0,0,0,0,0,0,2,1,1,0,0,0,2,1,0,0,0,0,0
175,525,0,1,0,0,0,0,2,0,0,1,0,0,0,0,0,0,1,0,1,0,0,1,0,0,1,0,0,4,0,3,0,0,1,0,1,1,1,0,1,1,0,1,1,1,0,1,1,0,0,0
475,425,0,1,1,0,0,0,1,0,3,1,2,0,0,1,4,1,1,0,1,0,0,1,1,0,0,0,0,0,1,0,0,0,2,0,0,1,2,0,1,0,0,0,0,3,1,0,0,0,0,0
975,375,0,0,0,2,0,0,0,0,4,0,1,1,0,0,2,0,0,1,0,0,1,1,0,0,0,0,0,1,1,1,0,0,0,0,0,1,0,0,1,0,0,1,1,1,1,0,2,0,0,0
425,375,0,1,0,0,0,0,1,0,1,0,0,1,0,1,3,0,0,1,1,2,2,0,0,0,0,1,0,0,0,1,0,1,0,0,0,0,0,0,1,0,0,1,1,3,0,0,0,0,0,0
475,725,3,1,1,0,0,1,0,0,1,0,0,0,1,0,2,0,2,0,0,1,0,1,0,0,2,0,0,1,2,0,0,2,1,1,1,1,0,3,1,0,0,1,0,0,0,1,2,0,0,0
675,925,1,0,0,0,0,1,0,0,2,1,0,0,0,0,0,0,4,2,1,0,3,0,0,0,0,0,0,1,0,0,0,0,2,0,4,0,1,1,1,0,0,2,1,1,1,1,1,0,0,0
925,675,1,1,0,1,0,0,3,0,5,0,0,2,1,0,0,0,2,0,0,0,1,3,0,0,1,0,0,1,0,1,0,1,0,0,1,1,0,1,0,0,0,1,0,0,1,0,0,0,0,0
725,75,1,0,0,1,1,0,1,0,2,0,0,0,0,1,2,0,1,0,0,0,1,0,1,0,0,0,0,0,0,0,1,0,1,0,0,0,0,0,0,0,1,1,1,2,0,0,0,0,0,0
525,675,0,0,0,2,0,1,0,0,2,0,0,0,0,1,0,0,0,0,0,0,0,0,0,0,0,0,0,1,0,1,0,0,1,0,0,0,0,0,0,2,0,0,0,1,0,1,1,0,0,0
675,675,0,2,0,0,0,0,2,0,4,0,0,0,1,1,0,0,0,0,0,1,0,1,1,0,0,0,0,0,1,1,0,1,0,0,1,0,0,0,0,0,0,0,0,0,1,1,0,0,0,0
525,175,0,0,0,0,0,0,0,0,5,0,0,1,0,2,0,0,0,0,1,0,2,0,1,0,1,0,0,0,0,1,0,0,0,0,0,0,0,1,1,1,1,1,0,1,0,1,0,1,1,0
25,725,0,0,0,1,0,0,0,0,2,0,0,0,0,1,0,0,2,1,0,0,1,0,0,0,1,0,1,0,0,3,0,0,0,1,0,0,0,0,2,3,0,0,0,1,1,1,0,0,0,0
925,875,0,0,0,1,0,0,1,0,2,0,0,1,0,0,4,0,1,0,0,0,1,0,0,0,1,0,0,0,0,2,0,1,0,1,0,0,1,1,1,0,0,1,0,2,2,0,1,0,0,0
575,425,1,0,0,0,0,0,0,0,2,1,0,1,1,0,3,0,1,0,1,1,3,1,1,0,0,0,0,2,1,0,0,1,1,0,0,0,2,0,1,0,0,0,1,0,0,0,1,0,0,0
325,675,0,1,0,0,0,0,0,0,2,0,0,0,1,0,1,0,0,1,1,0,2,2,0,0,1,0,0,0,1,1,0,0,0,0,0,0,0,0,1,0,0,0,0,0,0,1,0,0,0,0
225,725,2,1,1,0,1,0,0,0,2,0,0,0,1,0,2,0,0,0,1,0,0,0,0,0,0,0,0,2,0,0,0,0,3,1,0,0,1,1,2,0,0,0,0,0,0,1,0,0,0,0
225,475,0,0,0,0,0,0,2,0,6,0,0,0,0,0,1,1,1,1,1,2,2,1,1,0,0,0,0,0,0,1,1,0,1,3,0,0,0,1,0,0,0,0,0,1,1,1,0,0,0,0
525,375,0,0,0,0,1,0,1,0,0,0,1,1,1,0,2,0,1,0,1,1,1,1,3,0,0,0,0,1,0,3,0,0,3,0,0,0,0,1,1,1,1,0,0,2,0,0,1,0,0,0
425,725,2,1,1,1,0,0,1,0,2,0,0,2,0,0,0,2,0,0,0,0,0,1,0,0,1,0,0,2,0,2,0,1,0,0,0,1,0,0,1,0,0,0,0,0,0,0,0,0,0,0
375,775,1,0,0,1,0,1,0,0,1,0,0,0,0,0,1,0,1,0,0,0,1,2,0,0,0,1,1,1,0,0,0,1,1,1,0,0,0,3,1,2,0,0,0,0,1,0,0,0,0,0
25,975,1,0,0,0,0,0,1,0,0,0,0,0,0,1,0,0,3,0,0,1,0,0,0,0,2,0,0,0,0,4,0,0,1,3,0,0,0,3,1,2,0,0,0,0,0,1,0,0,0,0
225,675,0,0,0,0,0,0,0,0,2,0,1,1,0,2,1,0,0,0,0,0,0,0,1,0,0,0,0,0,0,2,0,0,1,1,0,0,1,0,0,0,0,0,1,0,0,0,0,0,0,0
375,175,0,0,0,0,0,0,0,1,2,0,0,0,0,0,2,1,0,1,1,0,1,0,1,0,0,0,0,1,0,1,1,1,1,0,0,0,0,3,3,0,0,0,0,1,1,1,1,0,1,0
75,575,2,0,0,2,0,1,1,1,1,0,0,0,0,1,1,0,3,1,0,0,2,0,0,0,1,0,0,0,0,1,0,1,2,1,0,0,1,1,1,0,0,0,0,0,2,1,0,0,0,0
125,925,0,3,1,0,0,0,1,0,0,0,0,0,0,0,0,0,1,0,0,1,0,0,0,0,0,0,0,3,0,0,0,0,1,1,0,0,0,3,1,1,0,1,1,1,2,1,1,0,0,0
675,975,1,0,0,0,0,1,0,0,4,1,0,1,0,1,1,0,1,1,0,0,0,0,0,0,1,0,0,1,0,1,1,0,0,2,0,0,1,1,3,1,0,0,0,0,0,1,0,0,0,0
425,625,0,0,0,1,0,1,0,0,0,0,0,0,2,0,2,0,1,0,0,0,2,1,0,0,1,0,0,1,0,2,0,1,1,1,0,0,1,1,0,1,0,0,0,1,1,2,1,0,0,0
925,825,1,0,0,2,0,0,1,0,1,0,0,2,1,0,0,0,1,1,1,0,1,2,0,0,1,0,0,2,1,0,0,1,0,0,0,0,1,1,1,0,0,0,1,0,1,1,0,0,0,0
25,175,0,1,0,2,1,0,0,0,2,0,0,0,0,0,0,1,0,1,0,0,1,0,0,0,1,1,0,1,3,2,0,0,0,1,0,0,0,1,0,0,0,0,0,2,0,1,0,0,0,0
725,275,1,0,0,1,0,0,0,0,4,0,0,0,0,1,3,0,0,1,0,0,4,0,1,0,0,0,0,1,1,1,0,0,0,0,0,0,0,1,0,0,0,0,1,0,1,1,1,1,0,0
925,775,1,1,0,2,0,0,1,0,3,0,0,0,2,2,3,1,1,0,0,0,0,0,1,0,1,0,0,1,1,1,0,1,0,0,1,0,1,0,0,0,0,0,1,1,1,1,0,0,0,0
425,975,1,2,0,1,0,0,1,0,2,0,0,0,1,0,0,0,1,1,0,1,2,1,0,0,3,0,0,2,0,0,0,1,1,0,0,0,0,2,2,0,0,0,2,1,2,2,0,0,0,0
525,25,0,0,0,1,1,0,0,0,1,1,0,0,0,0,1,0,0,6,0,0,0,0,0,0,1,0,0,3,1,1,0,0,1,0,0,1,0,1,0,0,1,0,0,0,0,0,0,0,0,0
925,975,0,0,0,0,0,0,2,0,2,0,0,1,2,0,3,0,0,1,0,0,0,1,1,0,1,0,0,0,0,1,0,0,0,1,1,0,0,0,1,1,0,0,0,0,0,1,0,0,0,0
125,275,0,0,0,0,0,0,1,0,2,0,0,1,0,0,1,1,1,2,0,0,0,0,1,0,0,2,0,2,0,1,0,0,0,0,0,0,1,1,0,0,1,0,0,2,1,0,0,0,0,0
325,225,1,2,0,1,1,0,2,0,1,0,0,0,0,0,0,0,1,1,0,1,2,0,0,0,0,0,0,0,1,4,0,0,0,0,0,0,0,1,0,0,0,0,1,0,0,0,0,0,1,0
25,125,0,0,1,0,0,0,1,0,2,0,0,0,1,1,0,2,0,1,0,1,2,1,0,0,2,0,0,1,1,2,0,1,1,0,0,0,0,2,2,0,0,1,0,0,1,0,0,1,0,0
475,825,2,1,0,0,0,0,1,0,3,1,0,0,0,0,1,0,1,1,1,0,1,0,0,0,0,0,0,0,1,0,0,0,1,4,0,0,0,0,1,0,0,0,0,1,2,1,0,0,0,0
625,625,0,0,0,1,0,0,1,0,0,0,0,0,1,0,1,0,1,0,0,0,0,0,0,0,0,0,0,0,0,1,0,1,0,0,0,0,1,0,1,1,0,0,0,3,0,1,0,0,0,0
775,275,0,0,0,0,0,0,0,0,2,0,0,1,0,1,3,2,1,0,0,0,3,1,0,0,0,0,0,0,1,1,0,0,1,2,4,1,0,0,0,0,0,0,0,1,1,0,0,0,0,0
475,925,0,0,0,0,0,0,0,0,1,0,0,2,0,0,1,0,2,1,0,0,1,1,0,0,1,0,1,1,0,1,0,0,0,1,0,0,1,1,0,1,0,0,0,0,1,0,0,1,0,0
875,925,1,0,0,1,0,0,1,0,7,0,0,0,0,0,3,0,1,0,1,0,2,1,0,0,0,0,0,1,1,0,0,0,0,0,1,0,0,0,2,0,0,0,0,0,3,0,0,0,0,0
625,275,0,0,0,2,0,0,0,0,3,0,0,1,1,0,4,0,1,5,1,1,0,0,0,0,0,0,0,1,0,1,0,0,0,0,0,0,0,0,0,0,0,2,1,1,0,0,1,0,0,0
375,475,1,1,0,0,0,0,0,0,2,0,0,0,0,1,0,0,2,0,0,1,1,0,1,0,0,0,0,1,3,1,0,0,2,0,0,1,0,0,3,2,0,0,1,0,0,0,0,0,0,0
825,775,2,2,0,0,0,0,1,0,2,0,0,0,0,0,0,0,0,0,1,0,0,0,2,0,1,0,0,0,1,0,0,0,0,0,2,1,0,0,0,3,0,2,1,0,0,0,0,0,0,0
475,775,0,0,0,1,0,0,1,0,1,0,0,0,0,0,2,1,1,0,2,0,1,0,0,0,0,0,0,1,0,0,0,0,0,1,0,0,0,0,1,0,0,1,1,0,5,3,0,0,0,0
575,275,2,0,0,1,0,0,1,0,2,0,0,0,0,2,0,0,0,0,1,1,1,0,1,0,0,0,0,1,0,0,0,1,0,1,0,0,1,1,0,0,0,0,0,1,1,1,1,0,0,0
775,875,0,0,0,1,0,0,0,0,2,0,0,1,1,0,1,0,0,0,1,0,0,0,1,0,1,0,0,2,0,1,0,2,0,1,0,0,0,1,3,1,0,0,0,0,3,1,1,0,0,0
725,325,0,0,0,2,0,1,1,0,5,0,0,1,0,0,1,0,1,0,0,1,1,0,1,0,1,0,0,2,4,1,0,0,0,0,1,1,1,0,0,0,0,0,0,1,1,0,0,0,0,0
175,225,0,1,1,1,0,0,0,0,1,0,0,0,1,1,1,1,0,0,0,1,0,3,0,0,0,0,0,0,0,0,1,1,2,0,0,0,1,2,0,1,0,0,0,1,1,1,1,0,0,0
375,325,0,0,1,0,0,0,2,0,0,0,1,0,1,0,1,0,0,0,2,0,2,0,0,0,0,0,0,2,0,1,0,1,1,1,0,0,1,0,0,0,0,0,0,0,0,2,0,0,1,0
75,475,1,0,2,1,3,1,1,0,3,0,0,0,0,2,0,1,1,0,0,2,1,0,0,0,1,0,0,2,0,1,0,0,0,0,0,1,1,1,1,0,1,0,1,1,1,2,0,0,0,0
875,475,0,0,0,1,0,0,0,0,3,0,0,0,0,0,4,0,3,0,1,0,0,0,0,0,0,0,0,0,1,1,0,0,0,0,0,1,0,0,0,1,0,0,2,2,0,0,1,0,0,0
925,275,0,1,0,0,1,0,1,0,1,0,0,0,0,0,2,0,0,0,0,1,0,0,0,0,0,1,0,1,0,2,0,0,0,0,1,0,0,1,0,0,0,0,1,0,0,0,0,0,1,0
75,325,0,0,0,0,2,0,1,0,2,0,0,0,0,0,1,1,0,1,0,0,1,0,0,0,0,0,0,0,0,0,0,0,3,0,0,0,0,0,0,0,0,0,0,3,0,0,0,0,0,0
725,425,0,0,0,0,0,0,1,0,3,0,0,2,0,0,3,1,0,1,0,0,0,0,0,0,0,0,0,0,0,0,0,0,0,0,0,0,0,0,0,0,0,0,0,1,1,0,1,0,0,0
925,525,1,2,0,3,0,0,0,0,2,0,1,1,0,0,4,0,2,0,1,0,0,0,1,0,0,0,2,2,0,2,0,1,0,1,0,0,3,0,1,0,0,0,0,0,0,0,1,0,0,0
125,325,0,2,0,0,1,0,3,0,0,0,0,0,0,1,0,1,0,0,0,2,2,0,0,0,1,1,0,0,0,0,0,0,0,1,1,0,1,0,0,1,0,0,0,2,1,0,0,0,1,0
225,225,1,1,0,0,3,0,1,0,3,0,0,3,0,0,0,0,0,0,0,0,1,1,0,0,0,0,0,0,0,1,1,1,0,0,0,0,0,0,1,0,0,1,0,0,1,0,0,0,0,0
75,975,0,0,0,0,0,0,0,0,0,0,1,0,0,1,0,0,0,0,0,0,0,0,0,0,3,0,0,1,0,4,1,2,0,2,0,0,0,2,0,2,0,0,0,1,3,0,0,0,0,0
175,925,1,1,0,0,0,0,0,0,1,0,0,0,0,0,0,0,1,0,0,0,1,2,0,0,1,0,0,0,0,2,0,0,1,2,0,0,0,1,2,3,0,0,0,0,1,0,0,0,0,0
425,825,1,0,0,0,0,0,1,0,0,0,0,2,0,1,1,0,0,0,0,1,0,0,0,0,0,0,0,1,1,0,0,0,1,2,1,1,0,0,5,2,0,1,0,0,0,1,0,0,0,0
275,775,0,0,0,0,0,0,0,0,2,0,0,0,0,0,2,0,0,0,0,1,0,0,0,0,1,0,0,1,0,0,0,0,2,4,0,0,0,2,1,3,0,0,0,1,0,0,0,0,0,0
675,375,1,0,0,2,0,0,2,0,1,0,0,2,0,0,1,0,2,0,1,2,0,1,0,0,0,0,0,0,1,2,0,0,1,1,1,0,1,2,0,0,0,0,1,0,0,1,2,0,0,0
425,925,0,1,0,0,0,0,1,0,3,0,0,0,0,1,1,0,1,0,0,0,0,0,1,0,1,0,0,3,1,0,2,0,5,2,1,0,0,4,1,1,0,2,0,2,3,1,0,0,0,0
175,875,2,0,0,0,0,0,1,0,2,0,0,0,1,1,1,0,1,0,0,0,0,0,0,0,2,2,0,0,1,0,0,0,3,1,1,0,2,1,0,1,0,0,0,1,0,0,0,0,0,0
625,75,0,0,0,0,0,0,3,0,4,0,1,0,1,0,3,1,1,1,0,0,2,2,0,0,0,0,0,0,0,0,0,0,0,1,0,0,0,2,1,0,0,0,0,1,0,2,0,1,0,0
275,425,0,0,0,0,0,0,1,0,1,0,1,0,0,1,4,0,0,0,0,1,0,2,0,0,1,0,0,0,0,0,0,1,0,0,0,1,0,1,1,2,0,1,2,0,1,0,1,1,0,0
425,325,1,0,0,0,1,0,2,0,2,0,0,0,2,1,2,0,0,0,0,1,1,1,0,0,0,0,0,0,0,0,0,0,0,0,0,0,0,0,2,0,1,0,0,1,1,0,1,0,0,0
975,275,3,0,0,0,0,0,0,0,2,0,0,0,1,0,1,0,1,0,0,0,0,0,0,0,0,0,0,0,1,1,1,0,0,0,1,1,0,0,0,0,0,1,0,1,0,1,0,0,0,0
75,775,0,0,1,0,0,0,2,0,1,0,0,0,1,0,0,1,0,0,0,0,0,0,0,0,1,0,0,1,0,1,0,1,1,2,0,0,1,0,1,2,0,1,0,1,1,1,1,0,0,0
625,825,1,0,0,0,0,1,1,0,2,1,0,1,0,0,2,0,1,1,0,0,0,0,1,0,1,0,0,0,1,2,0,1,2,2,0,0,2,0,0,0,0,1,0,2,1,0,0,0,0,0
475,975,1,0,1,0,0,0,0,0,2,0,0,0,0,0,0,0,2,0,1,1,1,0,0,0,1,0,0,3,1,3,1,0,0,5,1,0,1,3,3,1,0,2,0,0,1,1,0,0,0,0
975,575,1,2,0,0,0,0,0,0,0,0,0,1,1,0,4,0,0,0,1,0,1,0,3,0,0,1,0,0,1,0,0,3,0,0,1,0,1,0,1,1,0,2,0,0,1,0,0,0,0,0
225,875,1,1,0,0,0,0,0,0,0,0,0,0,0,0,1,0,1,1,0,1,1,0,1,0,3,0,0,2,1,1,0,0,2,1,2,0,0,2,0,2,0,0,0,1,2,2,0,0,0,0
775,325,1,0,0,0,0,0,1,0,1,0,0,0,0,0,3,0,1,0,0,0,0,1,0,0,0,0,0,1,1,2,0,1,0,0,0,1,0,0,0,0,0,1,0,0,0,0,0,0,0,0
775,75,0,0,0,0,0,0,0,0,1,0,0,1,0,0,1,0,0,0,1,1,1,1,0,0,0,0,0,0,0,1,0,1,3,1,0,0,0,1,0,0,0,1,0,2,0,1,0,0,0,0
475,275,1,0,0,1,1,0,1,0,1,0,1,0,0,0,1,0,0,0,0,1,1,0,0,0,0,1,0,4,0,0,0,1,0,0,0,0,0,2,0,0,0,2,0,0,1,1,1,0,0,0
525,975,1,0,0,0,0,0,1,0,1,0,0,1,0,2,0,0,1,0,2,1,0,0,0,0,0,0,1,2,0,0,0,0,1,0,0,0,0,2,4,0,0,0,0,1,1,0,1,0,0,0
675,175,0,0,0,1,0,0,1,0,1,1,1,0,0,0,2,2,2,0,0,0,1,0,0,0,0,0,0,3,0,4,0,1,0,1,0,0,0,0,0,0,0,0,1,0,0,0,0,0,0,0
